{
    "figure": {
        "add_square":[
            {
                "circle": [
                    [8.1, "OZkFeuwhkU"],
                    [9.9, "EhUFrGHTSY"],
                    [28.5, "SMemrfkFAL"],
                    [80.1, "OHaUaJQHkD"]
                ],
                "triangle": [
                    [[70.7, 24.2, 78.0], "UUJdyNtGtO"],
                    [[30.2, 79.3, 83.1], "FJGVRGUeuI"],
                    [[47.0, 54.1, 68.2], "ImWcpSVMLa"],
                    [[82.8, 3.6, 85.7], "QKtakSyvRf"]
                ],
                "square": [
                    [4.5, "AeRLVzUUzx"],
                    [61.8, "vOJtRWeGTg"],
                    [47.6, "jwmzRfBGbk"],
                    [11.4, "eNcDJryAVw"]
                ],
                "rectangle": [
                    [[70.0, 40.8], "sJZljqEpVd"],
                    [[12.7, 75.0], "QNApvhDbsB"],
                    [[55.5, 85.5], "HspPmvPIkp"],
                    [[56.1, 12.8], "PcxVpmhxPy"]
                ]
            }
        ]
    },
    "circle": {
        "angles_not_changable": [
            [8.1, "OZkFeuwhkU", 6],
            [9.9, "EhUFrGHTSY", 7],
            [28.5, "SMemrfkFAL", 23],
            [80.1, "OHaUaJQHkD", 0],
            [98.0, "kbFbNkXESC", 6],
            [8.7, "VzSrWNHXQh", 89],
            [84.5, "ySzUTvEmZe", 37],
            [15.7, "tYFsMFZxld", 2],
            [69.6, "SQKoMpcFJN", 5],
            [1.6, "rPvjZoRJKx", 8]
        ],
        "creation": [
            [8.1, 50.893800988154645, 206.1198940020263, "OZkFeuwhkU"],
            [9.9, 62.20353454107791, 307.90749597833565, "EhUFrGHTSY"],
            [28.5, 179.0707812546182, 2551.7586328783095, "SMemrfkFAL"],
            [80.1, 503.28314310508483, 20156.489881358648, "OHaUaJQHkD"],
            [98.0, 615.7521601035994, 30171.855845076374, "kbFbNkXESC"],
            [8.7, 54.6637121724624, 237.7871479502114, "VzSrWNHXQh"],
            [84.5, 530.929158456675, 22431.75694479452, "ySzUTvEmZe"],
            [15.7, 98.6460093227195, 774.371173183348, "tYFsMFZxld"],
            [69.6, 437.3096973796992, 15218.377468813529, "SQKoMpcFJN"],
            [1.6, 10.053096491487338, 8.042477193189871, "rPvjZoRJKx"]
        ],
        "name_type_error": [
            [8.1, "OZkFeuwhkU", 6.7],
            [9.9, "EhUFrGHTSY", []],
            [28.5, "SMemrfkFAL", {}],
            [80.1, "OHaUaJQHkD", [1, 3, 2]],
            [98.0, "kbFbNkXESC", 6],
            [8.7, "VzSrWNHXQh", 89.0],
            [84.5, "ySzUTvEmZe", {"1": 2, "3": 4}],
            [15.7, "tYFsMFZxld", [1.0, "asd"]],
            [69.6, "SQKoMpcFJN", null],
            [1.6, "rPvjZoRJKx", 8]
        ],
        "validate_circle": [
            [-1, "asfadfef"],
            [-10, "wwlKJLNo"],
            [ -9, "HKJBKJhkjks"],
            [-8, "Kjlsanslqw"],
            [-12.7, "dldmflLJp"]
        ],
        "_calc_area": [
            [2.4, 18.09557368467721],
            [49.7, 7760.016597705612],
            [82.0, 21124.069002737768],
            [74.9, 17624.366202565277],
            [17.0, 907.9202768874502],
            [24.2, 1839.8423216483263],
            [32.1, 3237.1284861854588],
            [87.2, 23888.167883072212],
            [22.9, 1647.4826034690234],
            [71.5, 16060.60704331442]
        ],
        "_calc_perimeter":[
            [49.9, 313.53094682826134],
            [16.0, 100.53096491487338],
            [30.7, 192.89378893041328],
            [51.6, 324.21236185046666],
            [14.2, 89.22123136195012],
            [55.0, 345.57519189487726],
            [66.8, 419.71677851959635],
            [49.4, 310.38935417467155],
            [55.5, 348.71678454846705],
            [42.5, 267.0353755551324]
        ]
    },
    "triangle": {
        "angles_not_changable": [
            [[88.1, 20.4, 73.4], "sfdSDfDfsFsd", 5],
            [[49.4, 75.8, 76.1], "werwefefDFSfsFew",61],
            [[70.7, 24.2, 78.0], "dfsdfwwefWWEFs", 4],
            [[30.2, 79.3, 83.1], "tytRbTTRbRTbRTbR", 3],
            [[47.0, 54.1, 68.2], "rerGRgWwWfBv", 0],
            [[82.8, 3.6, 85.7], "WEFdfVerrrw", 3],
            [[30.0, 38.4, 54.9], "FgdfgdWEfw", 2],
            [[44.7, 99.1, 91.4], "dgEGefwew", 43],
            [[64.8, 21.9, 67.3], "weFEFwFbS", 1],
            [[6.8, 68.1, 64.3], "sdfntgtBrTBrt", 15]
        ],
        "creation": [
            [[88.1, 20.4, 73.4], 181.9, 90.95, 566.5142664962207, "oHMdYvTjGg"],
            [[49.4, 75.8, 76.1], 201.29999999999998, 100.64999999999999, 1773.9556959218987, "tYKqjMfXND"],
            [[70.7, 24.2, 78.0], 172.9, 86.45, 846.2931199317115, "UUJdyNtGtO"],
            [[30.2, 79.3, 83.1], 192.6, 96.3, 1195.1579360067858, "FJGVRGUeuI"],
            [[47.0, 54.1, 68.2], 169.3, 84.65, 1265.5652164917267, "ImWcpSVMLa"],
            [[82.8, 3.6, 85.7], 172.1, 86.05, 89.83518572224287, "QKtakSyvRf"],
            [[30.0, 38.4, 54.9], 123.30000000000001, 61.650000000000006, 553.3714675457621, "nFLfyeDKyb"],
            [[44.7, 99.1, 91.4], 235.20000000000002, 117.60000000000001, 2038.4681719369582, "YMlopqppFT"],
            [[64.8, 21.9, 67.3], 154.0, 77.0, 708.5768257570948, "XmGoripxTN"],
            [[6.8, 68.1, 64.3], 139.2, 69.6, 186.40948473723105, "zlzpKUJDGM"]
        ],
        "name_type_error": [
            [[88.1, 20.4, 73.4], "adfdfawA", 5],
            [[49.4, 75.8, 76.1], "SASSdafqwfb", [1]],
            [[70.7, 24.2, 78.0], "KklJLKjbJlo", 4.3],
            [[30.2, 79.3, 83.1], "JPskjasasLAas", {}],
            [[47.0, 54.1, 68.2], "JOJOhbLGFijas", []],
            [[82.8, 3.6, 85.7], "wjwWjojownqL", 34],
            [[30.0, 38.4, 54.9], "wefwefONds", 578.2],
            [[44.7, 99.1, 91.4], "KSdadojnK", null],
            [[64.8, 21.9, 67.3], "ODIawdbkw", 4],
            [[6.8, 68.1, 64.3], "dadaodhKJNo", [124, 234]]
        ],
        "validate_triangle": [
            [[80.7, 84.8, 1.5], "YEDMHmBsZQ"],
            [[39.3, 45.6, 99.4], "zZGGNhjFoo"],
            [[23.3, 57.4, 18.4], "WHdEchbUKF"],
            [[52.7, 91.4, 2.2], "pfRgFczijj"],
            [[41.5, 51.7, 7.1], "AeMuWrXzJs"],
            [[98.5, 94.1, 4.3], "dcdlHaufDQ"],
            [[49.9, 36.6, 98.4], "WhfKzdzSqv"],
            [[83.1, 63.8, 13.8], "xWNjKjduoc"],
            [[53.5, 49.4, 1.6], "fCPGYaiBGN"],
            [[3.4, 94.5, 87.3], "XDsCCOmWzT"]
        ],
        "_calc_area": [
            [[44.6, 48.4, 83.4], 88.2, 857.1161769561928],
            [[88.4, 97.3, 49.6], 117.64999999999999, 2183.0072221808487],
            [[1.6, 62.9, 62.4], 63.45, 47.60599640539022],
            [[58.1, 24.3, 35.3], 58.85, 189.50616670375138],
            [[89.7, 24.4, 72.1], 93.1, 675.7753014131241],
            [[67.4, 85.8, 78.8], 116.0, 2516.6456532456054],
            [[64.4, 7.9, 56.7], 64.5, 53.362402494638836],
            [[10.4, 51.6, 51.4], 56.7, 266.3821058179398],
            [[27.3, 23.1, 8.0], 29.200000000000003, 84.70344503029385],
            [[85.3, 27.4, 70.6], 91.64999999999999, 887.1881111656925]
        ],
        "_calc_perimeter": [
            [[7.4, 32.8, 37.5], 77.69999999999999],
            [[38.7, 78.6, 85.9], 203.2],
            [[96.9, 61.4, 63.4], 221.70000000000002],
            [[77.0, 9.7, 78.3], 165.0],
            [[99.8, 38.6, 71.1], 209.5],
            [[83.6, 90.4, 77.0], 251.0],
            [[87.5, 43.6, 82.7], 213.8],
            [[47.8, 27.1, 67.3], 142.2],
            [[49.1, 34.3, 17.5], 100.9],
            [[86.4, 53.1, 35.7], 175.2]
        ],
        "_calc_half_perimeter": [
            [97.6, 48.8],
            [34.2, 17.1],
            [17.4, 8.7],
            [23.5, 11.75],
            [67.3, 33.65],
            [19.5, 9.75],
            [12.9, 6.45],
            [53.0, 26.5],
            [17.6, 8.8],
            [75.5, 37.75]
        ]
    },